source,0
email,18.596311475409834
mobile,-14.714047751249307
web,22.09606986899563
